[
  {
    "name": "Brian Kernighan",
    "skills": ["AWK", "AMPL", "Unix"]
  },
  {
    "name": "Max Kanat-Alexander",
    "skills": ["Java", "Perl", "Apache", "Python"]
  },
  {
    "name": "Amiko",
    "skills": ["NodeJS", "MySQL", "MongoDB", "React", "CSS-in-JS"]
  },
  {
    "name": "Kent Beck",
    "skills": [
      "Test-Driven Development",
      "Extreme Programming",
      "Software Design Patterns",
      "JUnit"
    ]
  },
  {
    "name": "Edward V. Berard",
    "skills": ["Object-Oriented Design"]
  },
  {
    "name": "Alan Kay",
    "skills": [
      "Graphical User Interface (GUI) Design",
      "Jazz Guitar",
      "Education"
    ]
  },
  {
    "name": "C.A.R. Hoare",
    "skills": ["Algorithms", "Quicksort", "Hoare Logic"]
  },
  {
    "name": "David Thomas",
    "skills": ["Author", "Code Kata", "Ruby", "Pragmatic Programming"]
  },
  {
    "name": "Donald Knuth",
    "skills": ["TeX Computer Typesetting", "Algorithms", "Author"]
  },
  {
    "name": "Lernantino",
    "skills": [
      "JavaScript",
      "CSS",
      "HTML",
      "Design Systems",
      "Typescript",
      "PWAs"
    ]
  }
]
